Frequency_Hz,Real_Ohm,Imag_Ohm
100000.00,704.96,-13.56
100.00,704.70,-13.54
100.00,734.25,-35705.02
107.15,845.60,-33087.62
114.82,821.13,-30988.15
123.03,935.76,-28896.07
131.83,860.18,-27014.08
141.25,851.19,-25179.79
151.36,876.78,-23559.15
162.18,864.53,-21930.65
173.78,864.23,-20525.09
186.21,851.38,-19134.43
199.53,835.69,-17877.42
213.80,834.46,-16683.96
229.09,823.60,-15574.03
245.47,823.14,-14536.75
263.03,818.89,-13576.15
281.84,802.48,-12675.79
302.00,795.06,-11831.83
323.59,798.16,-11044.84
346.74,792.50,-10312.91
371.54,784.62,-9627.54
398.11,778.87,-8989.98
426.58,777.49,-8392.49
457.09,771.58,-7836.09
489.78,765.51,-7312.74
524.81,761.96,-6829.52
562.34,758.32,-6377.72
602.56,753.80,-5954.92
645.65,751.14,-5557.94
691.83,748.08,-5188.73
741.31,746.48,-4842.70
794.33,742.99,-4522.08
851.14,740.16,-4222.81
912.01,737.87,-3941.52
977.24,735.53,-3679.11
1047.13,733.05,-3436.69
1122.02,731.13,-3207.70
1202.26,729.04,-2994.83
1288.25,726.96,-2795.43
1380.38,725.72,-2609.66
1479.11,723.90,-2437.05
1584.89,722.70,-2275.44
1698.24,720.85,-2124.68
1819.70,719.85,-1983.66
1949.84,718.39,-1852.16
2089.30,717.35,-1728.93
2238.72,716.36,-1614.35
2398.83,715.26,-1507.14
2570.40,714.30,-1407.07
2754.23,713.46,-1313.73
2951.21,712.75,-1226.55
3162.28,711.80,-1145.16
3388.44,711.10,-1069.71
3630.78,710.41,-998.36
3890.45,709.80,-932.48
4168.69,709.15,-870.36
4466.84,708.59,-812.87
4786.30,708.14,-759.10
5128.61,707.56,-708.77
5495.41,707.15,-661.70
5888.44,706.82,-617.72
6309.57,706.45,-576.54
6760.83,706.12,-538.23
7244.36,705.76,-502.32
7762.47,705.49,-468.72
8317.64,705.19,-437.50
8912.51,704.92,-408.05
9549.93,704.71,-380.69
10232.93,704.52,-355.11
10964.78,704.28,-331.12
11748.98,704.18,-308.73
12589.25,703.94,-287.76
13489.63,703.78,-268.28
14454.40,703.65,-249.84
15488.17,703.51,-232.54
16595.87,703.39,-216.50
17782.79,703.31,-201.44
19054.61,703.21,-187.28
20417.38,703.12,-174.01
21877.62,703.06,-161.59
23442.29,702.92,-149.91
25118.87,703.02,-138.88
26915.35,702.93,-128.56
28840.31,702.93,-118.93
30902.96,702.92,-109.70
33113.11,702.97,-101.13
35481.34,702.95,-93.05
38018.94,702.97,-85.38
40738.03,703.09,-77.95
43651.58,703.13,-71.26
46773.52,703.21,-64.76
50118.72,703.33,-58.42
53703.18,703.41,-52.63
57543.99,703.60,-47.27
61659.50,703.71,-41.63
66069.34,703.85,-36.76
70794.58,704.00,-32.15
75857.76,704.12,-27.69
81283.05,704.34,-23.14
87096.36,704.57,-19.24
93325.43,704.68,-15.59
